shoe_name,original_price,discounted_price,url,category,review_count,star,product_code,shoe_type,durability,comfort,size,size_count,color_count,brand,color 1,color 2,color 3,color 4,color 5,0,1,2,3,4
Columbia Women Black SH/FT OUTDRY MID (Complete Waterproof),"9,799","13,999",https://columbiasportswear.co.in/women/footwear-women/sh-ft-outdry-mid-bl1020-012,Women,0.0,0.0,BL1020-012,,,,,4.0,0.0,columbia,,,,,,,,,,
Columbia Women Black TRAILSTORM PEAK MID,"10,399","12,999",https://columbiasportswear.co.in/trailstorm-peak-mid-bl5578-053,Women,0.0,0.0,BL5578-010,,,,,5.0,2.0,columbia,"Black, Dark Grey","Graphite, Icy Morn",,,,,,,,
Columbia Women Grey TRAILSTORM PEAK MID,"10,399","12,999",https://columbiasportswear.co.in/trailstorm-peak-mid-bl5578-053,Women,0.0,0.0,BL5578-053,,,,,5.0,2.0,columbia,"Black, Dark Grey","Graphite, Icy Morn",,,,,,,,
Columbia Women Black TRAILSTORM PEAK MID,"10,399","12,999",https://columbiasportswear.co.in/trailstorm-peak-mid-bl5578-053,Women,0.0,0.0,BL5578-010,,,,,5.0,2.0,columbia,"Black, Dark Grey","Graphite, Icy Morn",,,,,,,,
Columbia Women Grey TRAILSTORM PEAK MID,"10,399","12,999",https://columbiasportswear.co.in/trailstorm-peak-mid-bl5578-053,Women,0.0,0.0,BL5578-053,,,,,5.0,2.0,columbia,"Black, Dark Grey","Graphite, Icy Morn",,,,,,,,
Columbia Women Blue TRAILSTORM BEYOND,"5,599","6,999",https://columbiasportswear.co.in/women/footwear-women/trailstorm-beyond-bl0354-439,Women,0.0,0.0,BL0354-439,,,,,5.0,0.0,columbia,,,,,,,,,,
Columbia Women Green COLUMBIA VENT AERO,"6,299","8,999",https://columbiasportswear.co.in/columbia-vent-aero-bl0159-010,Women,41.0,4.0,BL0159-329,,,,,5.0,2.0,columbia,"Icy Morn, Black","Black, Velvet Cove",,,,,,,,
Columbia Women Black COLUMBIA VENT AERO,"6,299","8,999",https://columbiasportswear.co.in/columbia-vent-aero-bl0159-010,Women,41.0,4.0,BL0159-010,,,,,5.0,2.0,columbia,"Icy Morn, Black","Black, Velvet Cove",,,,,,,,
Columbia Women Green COLUMBIA VENT AERO,"6,299","8,999",https://columbiasportswear.co.in/columbia-vent-aero-bl0159-010,Women,41.0,4.0,BL0159-329,,,,,5.0,2.0,columbia,"Icy Morn, Black","Black, Velvet Cove",,,,,,,,
Columbia Women Black COLUMBIA VENT AERO,"6,299","8,999",https://columbiasportswear.co.in/columbia-vent-aero-bl0159-010,Women,41.0,4.0,BL0159-010,,,,,5.0,2.0,columbia,"Icy Morn, Black","Black, Velvet Cove",,,,,,,,
Columbia Women Black MINX SLIP IV Water Resistant Shoes,"10,999",,https://columbiasportswear.co.in/columbia-women-white-minx-slip-iv-bl9797-125,Women,0.0,0.0,BL9797-010,,,,,5.0,2.0,columbia,"Black, Graphite","Sea Salt, Light Cloud",,,,,,,,
Columbia Women White MINX SLIP IV Water Resistant Shoes,"10,999",,https://columbiasportswear.co.in/columbia-women-white-minx-slip-iv-bl9797-125,Women,0.0,0.0,BL9797-125,,,,,5.0,2.0,columbia,"Black, Graphite","Sea Salt, Light Cloud",,,,,,,,
Columbia Women PURPLE Thrive Revive,"5,399","5,999",https://columbiasportswear.co.in/women/footwear-women/thrive-revive-bl8043-535,Women,0.0,0.0,BL8043-535,,,,,5.0,0.0,columbia,,,,,,,,,,
Columbia Women Black HATANA MAX OUTDRY (Complete Waterproof),"10,999",,https://columbiasportswear.co.in/columbia-women-brown-hatana-max-outdry-bl0659-271,Women,39.0,4.0,BL0659-012,,,,,5.0,4.0,columbia,"Black, White","Dark Grey, Electric Turquoise","Black, White","Ancient Fossil, Wild Geranium",,,,,,
Columbia Women Grey HATANA MAX OUTDRY (Complete Waterproof),"10,999",,https://columbiasportswear.co.in/columbia-women-brown-hatana-max-outdry-bl0659-271,Women,29.0,4.0,BL0659-089,,,,,5.0,4.0,columbia,"Black, White","Dark Grey, Electric Turquoise","Black, White","Ancient Fossil, Wild Geranium",,,,,,
Columbia Women Black Hatana Max Outdry (Complete Waterproof),"10,999",,https://columbiasportswear.co.in/columbia-women-brown-hatana-max-outdry-bl0659-271,Women,29.0,4.0,BL0659-010,,,,,5.0,4.0,columbia,"Black, White","Dark Grey, Electric Turquoise","Black, White","Ancient Fossil, Wild Geranium",,,,,,
Columbia Women Brown Hatana Max Outdry (Complete Waterproof),"10,999",,https://columbiasportswear.co.in/columbia-women-brown-hatana-max-outdry-bl0659-271,Women,35.0,4.0,BL0659-271,,,,,5.0,4.0,columbia,"Black, White","Dark Grey, Electric Turquoise","Black, White","Ancient Fossil, Wild Geranium",,,,,,
Columbia Women Black PEAKFREAK II OUTDRY (Complete Waterproof),"9,999",,https://columbiasportswear.co.in/columbia-women-blue-peakfreak-ii-outdry-bl5953-471,Women,32.0,5.0,BL5953-012,,,,,5.0,4.0,columbia,"Black, White","Monument, Wild Fuchsia","Kettle, Black","Dark Sapphire, Key West",,,,,,
Columbia Women Grey PEAKFREAK II OUTDRY (Complete Waterproof),"9,999",,https://columbiasportswear.co.in/columbia-women-blue-peakfreak-ii-outdry-bl5953-471,Women,22.0,5.0,BL5953-036,,,,,5.0,4.0,columbia,"Black, White","Monument, Wild Fuchsia","Kettle, Black","Dark Sapphire, Key West",,,,,,
Columbia Women Black Peakfreak II Outdry (Complete Waterproof),"9,999",,https://columbiasportswear.co.in/columbia-women-blue-peakfreak-ii-outdry-bl5953-471,Women,22.0,5.0,BL5953-005,,,,,5.0,4.0,columbia,"Black, White","Monument, Wild Fuchsia","Kettle, Black","Dark Sapphire, Key West",,,,,,
Columbia Women Blue Peakfreak II Outdry (Complete Waterproof),"8,999","9,999",https://columbiasportswear.co.in/columbia-women-blue-peakfreak-ii-outdry-bl5953-471,Women,22.0,5.0,BL5953-471,,,,,5.0,4.0,columbia,"Black, White","Monument, Wild Fuchsia","Kettle, Black","Dark Sapphire, Key West",,,,,,
Columbia Women GREY Hatana Breathe,"9,999",,https://columbiasportswear.co.in/columbia-women-grey-hatana-breathe-bl7444-086,Women,0.0,0.0,BL7444-020,,,,,5.0,2.0,columbia,"Light Cloud, Sea Wave","Steam, Peach",,,,,,,,
Columbia Women GREY Hatana Breathe,"9,999",,https://columbiasportswear.co.in/columbia-women-grey-hatana-breathe-bl7444-086,Women,0.0,0.0,BL7444-086,,,,,5.0,2.0,columbia,"Light Cloud, Sea Wave","Steam, Peach",,,,,,,,
Columbia Women BROWN Plateau Venture,"7,199","7,999",https://columbiasportswear.co.in/columbia-women-purple-plateau-venture-bl4497-553,Women,0.0,0.0,BL4497-247,,,,,5.0,2.0,columbia,"Canvas Tan, Blue Dusk","Shale Mauve, Peatmoss",,,,,,,,
Columbia Women PURPLE Plateau Venture,"7,199","7,999",https://columbiasportswear.co.in/columbia-women-purple-plateau-venture-bl4497-553,Women,0.0,0.0,BL4497-553,,,,,5.0,2.0,columbia,"Canvas Tan, Blue Dusk","Shale Mauve, Peatmoss",,,,,,,,
Columbia Women Black HATANA MAX OUTDRY (Complete Waterproof),"10,999",,https://columbiasportswear.co.in/columbia-women-brown-hatana-max-outdry-bl0659-271,Women,39.0,4.0,BL0659-012,,,,,5.0,4.0,columbia,"Black, White","Dark Grey, Electric Turquoise","Black, White","Ancient Fossil, Wild Geranium",,,,,,
Columbia Women Grey HATANA MAX OUTDRY (Complete Waterproof),"10,999",,https://columbiasportswear.co.in/columbia-women-brown-hatana-max-outdry-bl0659-271,Women,29.0,4.0,BL0659-089,,,,,5.0,4.0,columbia,"Black, White","Dark Grey, Electric Turquoise","Black, White","Ancient Fossil, Wild Geranium",,,,,,
Columbia Women Black Hatana Max Outdry (Complete Waterproof),"10,999",,https://columbiasportswear.co.in/columbia-women-brown-hatana-max-outdry-bl0659-271,Women,29.0,4.0,BL0659-010,,,,,5.0,4.0,columbia,"Black, White","Dark Grey, Electric Turquoise","Black, White","Ancient Fossil, Wild Geranium",,,,,,
Columbia Women Brown Hatana Max Outdry (Complete Waterproof),"10,999",,https://columbiasportswear.co.in/columbia-women-brown-hatana-max-outdry-bl0659-271,Women,35.0,4.0,BL0659-271,,,,,5.0,4.0,columbia,"Black, White","Dark Grey, Electric Turquoise","Black, White","Ancient Fossil, Wild Geranium",,,,,,
Columbia Women GREY Hatana Breathe,"9,999",,https://columbiasportswear.co.in/columbia-women-grey-hatana-breathe-bl7444-086,Women,0.0,0.0,BL7444-020,,,,,5.0,2.0,columbia,"Light Cloud, Sea Wave","Steam, Peach",,,,,,,,
Columbia Women GREY Hatana Breathe,"9,999",,https://columbiasportswear.co.in/columbia-women-grey-hatana-breathe-bl7444-086,Women,0.0,0.0,BL7444-086,,,,,5.0,2.0,columbia,"Light Cloud, Sea Wave","Steam, Peach",,,,,,,,
Columbia Women Black RE-PEAK MID,"9,999",,https://columbiasportswear.co.in/columbia-women-purple-re-peak-mid-bl6940-553,Women,0.0,0.0,BL6940-005,,,,,5.0,2.0,columbia,"Kettle, Light Sand","Shale Mauve, Dark Grey",,,,,,,,
Columbia Women Purple RE-PEAK MID,"9,999",,https://columbiasportswear.co.in/columbia-women-purple-re-peak-mid-bl6940-553,Women,0.0,0.0,BL6940-553,,,,,5.0,2.0,columbia,"Kettle, Light Sand","Shale Mauve, Dark Grey",,,,,,,,
Columbia Women Black HATANA MAX OUTDRY (Complete Waterproof),"10,999",,https://columbiasportswear.co.in/columbia-women-brown-hatana-max-outdry-bl0659-271,Women,39.0,4.0,BL0659-012,,,,,5.0,4.0,columbia,"Black, White","Dark Grey, Electric Turquoise","Black, White","Ancient Fossil, Wild Geranium",,,,,,
Columbia Women Grey HATANA MAX OUTDRY (Complete Waterproof),"10,999",,https://columbiasportswear.co.in/columbia-women-brown-hatana-max-outdry-bl0659-271,Women,29.0,4.0,BL0659-089,,,,,5.0,4.0,columbia,"Black, White","Dark Grey, Electric Turquoise","Black, White","Ancient Fossil, Wild Geranium",,,,,,
Columbia Women Black Hatana Max Outdry (Complete Waterproof),"10,999",,https://columbiasportswear.co.in/columbia-women-brown-hatana-max-outdry-bl0659-271,Women,29.0,4.0,BL0659-010,,,,,5.0,4.0,columbia,"Black, White","Dark Grey, Electric Turquoise","Black, White","Ancient Fossil, Wild Geranium",,,,,,
Columbia Women Brown Hatana Max Outdry (Complete Waterproof),"10,999",,https://columbiasportswear.co.in/columbia-women-brown-hatana-max-outdry-bl0659-271,Women,35.0,4.0,BL0659-271,,,,,5.0,4.0,columbia,"Black, White","Dark Grey, Electric Turquoise","Black, White","Ancient Fossil, Wild Geranium",,,,,,
Columbia Women Black PEAKFREAK II OUTDRY (Complete Waterproof),"9,999",,https://columbiasportswear.co.in/columbia-women-blue-peakfreak-ii-outdry-bl5953-471,Women,32.0,5.0,BL5953-012,,,,,5.0,4.0,columbia,"Black, White","Monument, Wild Fuchsia","Kettle, Black","Dark Sapphire, Key West",,,,,,
Columbia Women Grey PEAKFREAK II OUTDRY (Complete Waterproof),"9,999",,https://columbiasportswear.co.in/columbia-women-blue-peakfreak-ii-outdry-bl5953-471,Women,22.0,5.0,BL5953-036,,,,,5.0,4.0,columbia,"Black, White","Monument, Wild Fuchsia","Kettle, Black","Dark Sapphire, Key West",,,,,,
Columbia Women Black Peakfreak II Outdry (Complete Waterproof),"9,999",,https://columbiasportswear.co.in/columbia-women-blue-peakfreak-ii-outdry-bl5953-471,Women,22.0,5.0,BL5953-005,,,,,5.0,4.0,columbia,"Black, White","Monument, Wild Fuchsia","Kettle, Black","Dark Sapphire, Key West",,,,,,
Columbia Women Blue Peakfreak II Outdry (Complete Waterproof),"8,999","9,999",https://columbiasportswear.co.in/columbia-women-blue-peakfreak-ii-outdry-bl5953-471,Women,22.0,5.0,BL5953-471,,,,,5.0,4.0,columbia,"Black, White","Monument, Wild Fuchsia","Kettle, Black","Dark Sapphire, Key West",,,,,,
Columbia Women Black PEAKFREAK II OUTDRY (Complete Waterproof),"9,999",,https://columbiasportswear.co.in/columbia-women-blue-peakfreak-ii-outdry-bl5953-471,Women,32.0,5.0,BL5953-012,,,,,5.0,4.0,columbia,"Black, White","Monument, Wild Fuchsia","Kettle, Black","Dark Sapphire, Key West",,,,,,
Columbia Women Grey PEAKFREAK II OUTDRY (Complete Waterproof),"9,999",,https://columbiasportswear.co.in/columbia-women-blue-peakfreak-ii-outdry-bl5953-471,Women,22.0,5.0,BL5953-036,,,,,5.0,4.0,columbia,"Black, White","Monument, Wild Fuchsia","Kettle, Black","Dark Sapphire, Key West",,,,,,
Columbia Women Black Peakfreak II Outdry (Complete Waterproof),"9,999",,https://columbiasportswear.co.in/columbia-women-blue-peakfreak-ii-outdry-bl5953-471,Women,22.0,5.0,BL5953-005,,,,,5.0,4.0,columbia,"Black, White","Monument, Wild Fuchsia","Kettle, Black","Dark Sapphire, Key West",,,,,,
Columbia Women Blue Peakfreak II Outdry (Complete Waterproof),"8,999","9,999",https://columbiasportswear.co.in/columbia-women-blue-peakfreak-ii-outdry-bl5953-471,Women,22.0,5.0,BL5953-471,,,,,5.0,4.0,columbia,"Black, White","Monument, Wild Fuchsia","Kettle, Black","Dark Sapphire, Key West",,,,,,
Columbia Women Grey Facet 75 Mid Outdry (Complete Waterproof),"15,999",,https://columbiasportswear.co.in/columbia-women-purple-facet-75-mid-outdry-bl7615-553,Women,15.0,5.0,BL7615-088,,,,,5.0,2.0,columbia,"Steam, Frosted Purple","Shale Mauve, Graphite",,,,,,,,
Columbia Women Purple Facet 75 Mid Outdry (Complete Waterproof),"15,999",,https://columbiasportswear.co.in/columbia-women-purple-facet-75-mid-outdry-bl7615-553,Women,15.0,5.0,BL7615-553,,,,,5.0,2.0,columbia,"Steam, Frosted Purple","Shale Mauve, Graphite",,,,,,,,
Columbia Women Black TRAILSTORM MID OMNI HEAT Water Resistant Shoes,"12,999",,https://columbiasportswear.co.in/women/footwear-women/trailstorm-mid-waterproof-omni-heat-bl8089-010,Women,44.0,4.0,BL8089-010,,,,,5.0,0.0,columbia,,,,,,,,,,
Columbia Women Red SUN TREK FLIP,"1,999",,https://columbiasportswear.co.in/women/footwear-women/columbia-women-red-sun-trek-flip-bl5786-656,Women,10.0,5.0,BL5786-656,,,,,5.0,0.0,columbia,,,,,,,,,,
Columbia Women Black MINX SLIP IV Water Resistant Shoes,"10,999",,https://columbiasportswear.co.in/columbia-women-white-minx-slip-iv-bl9797-125,Women,0.0,0.0,BL9797-010,,,,,5.0,2.0,columbia,"Black, Graphite","Sea Salt, Light Cloud",,,,,,,,
Columbia Women White MINX SLIP IV Water Resistant Shoes,"10,999",,https://columbiasportswear.co.in/columbia-women-white-minx-slip-iv-bl9797-125,Women,0.0,0.0,BL9797-125,,,,,5.0,2.0,columbia,"Black, Graphite","Sea Salt, Light Cloud",,,,,,,,
Columbia Women White Hood River Slide,"2,699","2,999",https://columbiasportswear.co.in/women/footwear-women/columbia-women-white-hood-river-slide-bl0166-100,Women,0.0,0.0,BL0166-100,,,,,5.0,0.0,columbia,,,,,,,,,,
Columbia Women Black PEAKFREAK X2 OUTDRY (Complete Waterproof),"8,999","9,999",https://columbiasportswear.co.in/peakfreak-x2-outdry-bl0829-616,Women,0.0,0.0,BL0829-010,,,,,5.0,2.0,columbia,Black,"Marionberry, Snowcap",,,,,,,,
Columbia Women Red PEAKFREAK X2 OUTDRY (Complete Waterproof),"9,999",,https://columbiasportswear.co.in/peakfreak-x2-outdry-bl0829-616,Women,0.0,0.0,BL0829-616,,,,,5.0,2.0,columbia,Black,"Marionberry, Snowcap",,,,,,,,
Columbia Women Black TRAILSTORM Water Resistant Shoes,"8,999",,https://columbiasportswear.co.in/trailstorm-waterproof-bl0156-193,Women,0.0,0.0,BL0156-010,,,,,5.0,3.0,columbia,"Black, Bright Marigold","Graphite, Dolphin","Light Sand, Sea Wave",,,,,,,
Columbia Women Grey TRAILSTORM Water Resistant Shoes,"7,199","8,999",https://columbiasportswear.co.in/trailstorm-waterproof-bl0156-193,Women,0.0,0.0,BL0156-053,,,,,5.0,3.0,columbia,"Black, Bright Marigold","Graphite, Dolphin","Light Sand, Sea Wave",,,,,,,
Columbia Women White TRAILSTORM Water Resistant Shoes,"8,999",,https://columbiasportswear.co.in/trailstorm-waterproof-bl0156-193,Women,1.0,5.0,BL0156-193,,,,,5.0,3.0,columbia,"Black, Bright Marigold","Graphite, Dolphin","Light Sand, Sea Wave",,,,,,,
Columbia Women Purple Plateau Water Resistant Shoes,"8,999",,https://columbiasportswear.co.in/women/footwear-women/columbia-women-purple-plateau-waterproof-bl7516-553,Women,0.0,0.0,BL7516-553,,,,,5.0,0.0,columbia,,,,,,,,,,
Columbia Women BROWN Plateau Venture,"7,199","7,999",https://columbiasportswear.co.in/columbia-women-purple-plateau-venture-bl4497-553,Women,0.0,0.0,BL4497-247,,,,,5.0,2.0,columbia,"Canvas Tan, Blue Dusk","Shale Mauve, Peatmoss",,,,,,,,
Columbia Women PURPLE Plateau Venture,"7,199","7,999",https://columbiasportswear.co.in/columbia-women-purple-plateau-venture-bl4497-553,Women,0.0,0.0,BL4497-553,,,,,5.0,2.0,columbia,"Canvas Tan, Blue Dusk","Shale Mauve, Peatmoss",,,,,,,,
Columbia Women Black TRAILSTORM MID Water Resistant Shoes,"8,999","9,999",https://columbiasportswear.co.in/trailstorm-mid-waterproof-bl0155-616,Women,38.0,4.0,BL0155-012,,,,,8.0,3.0,columbia,"Black, Deep Wave","Graphite, Dusty Green","Marionberry, Deep Water",,,,,,,
Columbia Women Grey TRAILSTORM MID Water Resistant Shoes,"6,999","9,999",https://columbiasportswear.co.in/trailstorm-mid-waterproof-bl0155-616,Women,38.0,4.0,BL0155-053,,,,,5.0,3.0,columbia,"Black, Deep Wave","Graphite, Dusty Green","Marionberry, Deep Water",,,,,,,
Columbia Women Red TRAILSTORM MID Water Resistant Shoes,"9,999",,https://columbiasportswear.co.in/trailstorm-mid-waterproof-bl0155-616,Women,38.0,4.0,BL0155-616,,,,,5.0,3.0,columbia,"Black, Deep Wave","Graphite, Dusty Green","Marionberry, Deep Water",,,,,,,
Columbia Women Black PEAKFREAK X2 OUTDRY (Complete Waterproof),"8,999","9,999",https://columbiasportswear.co.in/peakfreak-x2-outdry-bl0829-616,Women,0.0,0.0,BL0829-010,,,,,5.0,2.0,columbia,Black,"Marionberry, Snowcap",,,,,,,,
Columbia Women Red PEAKFREAK X2 OUTDRY (Complete Waterproof),"9,999",,https://columbiasportswear.co.in/peakfreak-x2-outdry-bl0829-616,Women,0.0,0.0,BL0829-616,,,,,5.0,2.0,columbia,Black,"Marionberry, Snowcap",,,,,,,,
Columbia Women Black FACET 75 OUTDRY (Complete Waterproof),"14,999",,https://columbiasportswear.co.in/women/footwear-women/columbia-women-black-facet-75-outdry-bl8538-010,Women,0.0,0.0,BL8538-010,,,,,5.0,0.0,columbia,,,,,,,,,,
Columbia Women Grey PEAKFREAK II MID OUTDRY (Complete Waterproof),"10,499",,https://columbiasportswear.co.in/columbia-women-green-peakfreak-ii-mid-outdry-bl7573-302,Women,22.0,5.0,BL7573-089,,,,,5.0,3.0,columbia,"Dark Grey, Dark Coral","Black, Ti Grey Steel","Mosstone, Blue Dusk",,,,,,,
Columbia Women Black Peakfreak II Mid Outdry (Complete Waterproof),"10,499",,https://columbiasportswear.co.in/columbia-women-green-peakfreak-ii-mid-outdry-bl7573-302,Women,22.0,5.0,BL7573-010,,,,,5.0,3.0,columbia,"Dark Grey, Dark Coral","Black, Ti Grey Steel","Mosstone, Blue Dusk",,,,,,,
Columbia Women Green Peakfreak II Mid Outdry (Complete Waterproof),"10,499",,https://columbiasportswear.co.in/columbia-women-green-peakfreak-ii-mid-outdry-bl7573-302,Women,22.0,5.0,BL7573-302,,,,,5.0,3.0,columbia,"Dark Grey, Dark Coral","Black, Ti Grey Steel","Mosstone, Blue Dusk",,,,,,,
Columbia Women Black PEAKFREAK II OUTDRY (Complete Waterproof),"9,999",,https://columbiasportswear.co.in/columbia-women-blue-peakfreak-ii-outdry-bl5953-471,Women,32.0,5.0,BL5953-012,,,,,5.0,4.0,columbia,"Black, White","Monument, Wild Fuchsia","Kettle, Black","Dark Sapphire, Key West",,,,,,
Columbia Women Grey PEAKFREAK II OUTDRY (Complete Waterproof),"9,999",,https://columbiasportswear.co.in/columbia-women-blue-peakfreak-ii-outdry-bl5953-471,Women,22.0,5.0,BL5953-036,,,,,5.0,4.0,columbia,"Black, White","Monument, Wild Fuchsia","Kettle, Black","Dark Sapphire, Key West",,,,,,
Columbia Women Black Peakfreak II Outdry (Complete Waterproof),"9,999",,https://columbiasportswear.co.in/columbia-women-blue-peakfreak-ii-outdry-bl5953-471,Women,22.0,5.0,BL5953-005,,,,,5.0,4.0,columbia,"Black, White","Monument, Wild Fuchsia","Kettle, Black","Dark Sapphire, Key West",,,,,,
Columbia Women Blue Peakfreak II Outdry (Complete Waterproof),"8,999","9,999",https://columbiasportswear.co.in/columbia-women-blue-peakfreak-ii-outdry-bl5953-471,Women,22.0,5.0,BL5953-471,,,,,5.0,4.0,columbia,"Black, White","Monument, Wild Fuchsia","Kettle, Black","Dark Sapphire, Key West",,,,,,
Columbia Women Black RE-PEAK MID,"9,999",,https://columbiasportswear.co.in/columbia-women-purple-re-peak-mid-bl6940-553,Women,0.0,0.0,BL6940-005,,,,,5.0,2.0,columbia,"Kettle, Light Sand","Shale Mauve, Dark Grey",,,,,,,,
Columbia Women Purple RE-PEAK MID,"9,999",,https://columbiasportswear.co.in/columbia-women-purple-re-peak-mid-bl6940-553,Women,0.0,0.0,BL6940-553,,,,,5.0,2.0,columbia,"Kettle, Light Sand","Shale Mauve, Dark Grey",,,,,,,,
Columbia Women Black TRAILSTORM MID Water Resistant Shoes,"8,999","9,999",https://columbiasportswear.co.in/trailstorm-mid-waterproof-bl0155-616,Women,38.0,4.0,BL0155-012,,,,,8.0,3.0,columbia,"Black, Deep Wave","Graphite, Dusty Green","Marionberry, Deep Water",,,,,,,
Columbia Women Grey TRAILSTORM MID Water Resistant Shoes,"6,999","9,999",https://columbiasportswear.co.in/trailstorm-mid-waterproof-bl0155-616,Women,38.0,4.0,BL0155-053,,,,,5.0,3.0,columbia,"Black, Deep Wave","Graphite, Dusty Green","Marionberry, Deep Water",,,,,,,
Columbia Women Red TRAILSTORM MID Water Resistant Shoes,"9,999",,https://columbiasportswear.co.in/trailstorm-mid-waterproof-bl0155-616,Women,38.0,4.0,BL0155-616,,,,,5.0,3.0,columbia,"Black, Deep Wave","Graphite, Dusty Green","Marionberry, Deep Water",,,,,,,
Columbia Women Black Crestwood Water Resistant Shoes,"6,999",,https://columbiasportswear.co.in/columbia-women-brown-crestwood-waterproof-bl5372-275,Women,0.0,0.0,BL5372-006,,,,,5.0,2.0,columbia,"Kettle, Dark Grey","Ancient Fossil, Light Lichen",,,,,,,,
Columbia Women Brown Crestwood Water Resistant Shoes,"6,999",,https://columbiasportswear.co.in/columbia-women-brown-crestwood-waterproof-bl5372-275,Women,0.0,0.0,BL5372-275,,,,,5.0,2.0,columbia,"Kettle, Dark Grey","Ancient Fossil, Light Lichen",,,,,,,,
Columbia Women Black HATANA MAX OUTDRY (Complete Waterproof),"10,999",,https://columbiasportswear.co.in/columbia-women-brown-hatana-max-outdry-bl0659-271,Women,39.0,4.0,BL0659-012,,,,,5.0,4.0,columbia,"Black, White","Dark Grey, Electric Turquoise","Black, White","Ancient Fossil, Wild Geranium",,,,,,
Columbia Women Grey HATANA MAX OUTDRY (Complete Waterproof),"10,999",,https://columbiasportswear.co.in/columbia-women-brown-hatana-max-outdry-bl0659-271,Women,29.0,4.0,BL0659-089,,,,,5.0,4.0,columbia,"Black, White","Dark Grey, Electric Turquoise","Black, White","Ancient Fossil, Wild Geranium",,,,,,
Columbia Women Black Hatana Max Outdry (Complete Waterproof),"10,999",,https://columbiasportswear.co.in/columbia-women-brown-hatana-max-outdry-bl0659-271,Women,29.0,4.0,BL0659-010,,,,,5.0,4.0,columbia,"Black, White","Dark Grey, Electric Turquoise","Black, White","Ancient Fossil, Wild Geranium",,,,,,
Columbia Women Brown Hatana Max Outdry (Complete Waterproof),"10,999",,https://columbiasportswear.co.in/columbia-women-brown-hatana-max-outdry-bl0659-271,Women,35.0,4.0,BL0659-271,,,,,5.0,4.0,columbia,"Black, White","Dark Grey, Electric Turquoise","Black, White","Ancient Fossil, Wild Geranium",,,,,,
Columbia Women Brown REDMOND V2 Water Resistant Shoes,"6,999",,https://columbiasportswear.co.in/redmond-v2-wp-bl0834-033,Women,0.0,0.0,BL0834-227,,,,,5.0,2.0,columbia,Pebble,Ti Grey,,,,,,,,
Columbia Women Grey REDMOND V2 Water Resistant Shoes,"6,999",,https://columbiasportswear.co.in/redmond-v2-wp-bl0834-033,Women,0.0,0.0,BL0834-033,,,,,5.0,2.0,columbia,Pebble,Ti Grey,,,,,,,,
Columbia Women Black TRAILSTORM Water Resistant Shoes,"8,999",,https://columbiasportswear.co.in/trailstorm-waterproof-bl0156-193,Women,0.0,0.0,BL0156-010,,,,,5.0,3.0,columbia,"Black, Bright Marigold","Graphite, Dolphin","Light Sand, Sea Wave",,,,,,,
Columbia Women Grey TRAILSTORM Water Resistant Shoes,"7,199","8,999",https://columbiasportswear.co.in/trailstorm-waterproof-bl0156-193,Women,0.0,0.0,BL0156-053,,,,,5.0,3.0,columbia,"Black, Bright Marigold","Graphite, Dolphin","Light Sand, Sea Wave",,,,,,,
Columbia Women White TRAILSTORM Water Resistant Shoes,"8,999",,https://columbiasportswear.co.in/trailstorm-waterproof-bl0156-193,Women,1.0,5.0,BL0156-193,,,,,5.0,3.0,columbia,"Black, Bright Marigold","Graphite, Dolphin","Light Sand, Sea Wave",,,,,,,
Columbia Women Black TRAILSTORM Water Resistant Shoes,"8,999",,https://columbiasportswear.co.in/trailstorm-waterproof-bl0156-193,Women,0.0,0.0,BL0156-010,,,,,5.0,3.0,columbia,"Black, Bright Marigold","Graphite, Dolphin","Light Sand, Sea Wave",,,,,,,
Columbia Women Grey TRAILSTORM Water Resistant Shoes,"7,199","8,999",https://columbiasportswear.co.in/trailstorm-waterproof-bl0156-193,Women,0.0,0.0,BL0156-053,,,,,5.0,3.0,columbia,"Black, Bright Marigold","Graphite, Dolphin","Light Sand, Sea Wave",,,,,,,
Columbia Women White TRAILSTORM Water Resistant Shoes,"8,999",,https://columbiasportswear.co.in/trailstorm-waterproof-bl0156-193,Women,1.0,5.0,BL0156-193,,,,,5.0,3.0,columbia,"Black, Bright Marigold","Graphite, Dolphin","Light Sand, Sea Wave",,,,,,,
Columbia Women Black STRATA TRAIL MID WP,"6,999",,https://columbiasportswear.co.in/columbia-women-grey-strata-trail-mid-wp-yl8651-033,Women,0.0,0.0,YL8651-010,,,,,6.0,2.0,columbia,"Black, Salmon Rose","Ti Grey Steel, Sage Leaf",,,,,,,,
Columbia Women Grey STRATA TRAIL MID WP,"6,999",,https://columbiasportswear.co.in/columbia-women-grey-strata-trail-mid-wp-yl8651-033,Women,0.0,0.0,YL8651-033,,,,,6.0,2.0,columbia,"Black, Salmon Rose","Ti Grey Steel, Sage Leaf",,,,,,,,
Columbia Women Black STRATA TRAIL MID WP,"6,999",,https://columbiasportswear.co.in/columbia-women-grey-strata-trail-mid-wp-yl8651-033,Women,0.0,0.0,YL8651-010,,,,,6.0,2.0,columbia,"Black, Salmon Rose","Ti Grey Steel, Sage Leaf",,,,,,,,
Columbia Women Grey STRATA TRAIL MID WP,"6,999",,https://columbiasportswear.co.in/columbia-women-grey-strata-trail-mid-wp-yl8651-033,Women,0.0,0.0,YL8651-033,,,,,6.0,2.0,columbia,"Black, Salmon Rose","Ti Grey Steel, Sage Leaf",,,,,,,,
Columbia Women Black HEAVENLY OMNI HEAT Water Resistant Shoes,"8,999",,https://columbiasportswear.co.in/heavenly-omni-heat-bl1661-010,Women,0.0,0.0,BL1661-010,,,,,5.0,1.0,columbia,Black,,,,,,,,,
Columbia Women NEWTON RIDGE PLUS OMNI HEAT,"10,999",,https://columbiasportswear.co.in/women/footwear-women/newton-ridge-plus-omni-heat-bl0933-472,Women,0.0,0.0,BL0933-472,,,,,5.0,0.0,columbia,,,,,,,,,,
Columbia Women Brown REDMOND V2 Water Resistant Shoes,"6,999",,https://columbiasportswear.co.in/redmond-v2-wp-bl0834-033,Women,0.0,0.0,BL0834-227,,,,,5.0,2.0,columbia,Pebble,Ti Grey,,,,,,,,
Columbia Women Grey REDMOND V2 Water Resistant Shoes,"6,999",,https://columbiasportswear.co.in/redmond-v2-wp-bl0834-033,Women,0.0,0.0,BL0834-033,,,,,5.0,2.0,columbia,Pebble,Ti Grey,,,,,,,,
Columbia Women Grey Crestwood Mid Water Resistant Shoes,"7,999",,https://columbiasportswear.co.in/columbia-women-grey-crestwood-mid-waterproof-bl5371-053,Women,0.0,0.0,BL5371-055,,,,,5.0,2.0,columbia,"Graphite, Bright Plum","Graphite, Daredevil",,,,,,,,
Columbia Women Grey Crestwood Mid Water Resistant Shoes,"7,999",,https://columbiasportswear.co.in/columbia-women-grey-crestwood-mid-waterproof-bl5371-053,Women,0.0,0.0,BL5371-053,,,,,5.0,2.0,columbia,"Graphite, Bright Plum","Graphite, Daredevil",,,,,,,,
Columbia Women Black Crestwood Water Resistant Shoes,"6,999",,https://columbiasportswear.co.in/columbia-women-brown-crestwood-waterproof-bl5372-275,Women,0.0,0.0,BL5372-006,,,,,5.0,2.0,columbia,"Kettle, Dark Grey","Ancient Fossil, Light Lichen",,,,,,,,
Columbia Women Brown Crestwood Water Resistant Shoes,"6,999",,https://columbiasportswear.co.in/columbia-women-brown-crestwood-waterproof-bl5372-275,Women,0.0,0.0,BL5372-275,,,,,5.0,2.0,columbia,"Kettle, Dark Grey","Ancient Fossil, Light Lichen",,,,,,,,
Columbia Women Blue NEWTON RIDGE PLUS AMPED DESERT NIGHT Water Resistant Shoes,"13,999",,https://columbiasportswear.co.in/women/footwear-women/columbia-women-blue-newton-ridge-plus-wp-amped-desert-night-bl8916-466,Women,0.0,0.0,BL8916-466,,,,,5.0,0.0,columbia,,,,,,,,,,
Columbia Women Grey PEAKFREAK II MID OUTDRY (Complete Waterproof),"10,499",,https://columbiasportswear.co.in/columbia-women-green-peakfreak-ii-mid-outdry-bl7573-302,Women,22.0,5.0,BL7573-089,,,,,5.0,3.0,columbia,"Dark Grey, Dark Coral","Black, Ti Grey Steel","Mosstone, Blue Dusk",,,,,,,
Columbia Women Black Peakfreak II Mid Outdry (Complete Waterproof),"10,499",,https://columbiasportswear.co.in/columbia-women-green-peakfreak-ii-mid-outdry-bl7573-302,Women,22.0,5.0,BL7573-010,,,,,5.0,3.0,columbia,"Dark Grey, Dark Coral","Black, Ti Grey Steel","Mosstone, Blue Dusk",,,,,,,
Columbia Women Green Peakfreak II Mid Outdry (Complete Waterproof),"10,499",,https://columbiasportswear.co.in/columbia-women-green-peakfreak-ii-mid-outdry-bl7573-302,Women,22.0,5.0,BL7573-302,,,,,5.0,3.0,columbia,"Dark Grey, Dark Coral","Black, Ti Grey Steel","Mosstone, Blue Dusk",,,,,,,
Columbia Women Grey PEAKFREAK II MID OUTDRY (Complete Waterproof),"10,499",,https://columbiasportswear.co.in/columbia-women-green-peakfreak-ii-mid-outdry-bl7573-302,Women,22.0,5.0,BL7573-089,,,,,5.0,3.0,columbia,"Dark Grey, Dark Coral","Black, Ti Grey Steel","Mosstone, Blue Dusk",,,,,,,
Columbia Women Black Peakfreak II Mid Outdry (Complete Waterproof),"10,499",,https://columbiasportswear.co.in/columbia-women-green-peakfreak-ii-mid-outdry-bl7573-302,Women,22.0,5.0,BL7573-010,,,,,5.0,3.0,columbia,"Dark Grey, Dark Coral","Black, Ti Grey Steel","Mosstone, Blue Dusk",,,,,,,
Columbia Women Green Peakfreak II Mid Outdry (Complete Waterproof),"10,499",,https://columbiasportswear.co.in/columbia-women-green-peakfreak-ii-mid-outdry-bl7573-302,Women,22.0,5.0,BL7573-302,,,,,5.0,3.0,columbia,"Dark Grey, Dark Coral","Black, Ti Grey Steel","Mosstone, Blue Dusk",,,,,,,
Columbia Women Grey Crestwood Mid Water Resistant Shoes,"7,999",,https://columbiasportswear.co.in/columbia-women-grey-crestwood-mid-waterproof-bl5371-053,Women,0.0,0.0,BL5371-055,,,,,5.0,2.0,columbia,"Graphite, Bright Plum","Graphite, Daredevil",,,,,,,,
Columbia Women Grey Crestwood Mid Water Resistant Shoes,"7,999",,https://columbiasportswear.co.in/columbia-women-grey-crestwood-mid-waterproof-bl5371-053,Women,0.0,0.0,BL5371-053,,,,,5.0,2.0,columbia,"Graphite, Bright Plum","Graphite, Daredevil",,,,,,,,
Columbia Women Grey Escape Thrive Endure (Complete Waterproof),"12,999",,https://columbiasportswear.co.in/women/footwear-women/columbia-women-grey-escape-thrive-endure-bl4980-099,Women,0.0,0.0,BL4980-099,,,,,5.0,0.0,columbia,,,,,,,,,,
Columbia Women Black RED HILLS OMNI-HEAT Water Resistant Shoes,"9,999",,https://columbiasportswear.co.in/columbia-women-black-red-hills-omni-heat-yl5934-010,Women,0.0,0.0,YL5934-005,,,,,5.0,2.0,columbia,"Kettle, Peach Blossom","Black, Sahara",,,,,,,,
Columbia Women Black RED HILLS OMNI-HEAT Water Resistant Shoes,"9,999",,https://columbiasportswear.co.in/columbia-women-black-red-hills-omni-heat-yl5934-010,Women,0.0,0.0,YL5934-010,,,,,5.0,2.0,columbia,"Kettle, Peach Blossom","Black, Sahara",,,,,,,,
Columbia Women Grey Facet 75 Mid Outdry (Complete Waterproof),"15,999",,https://columbiasportswear.co.in/columbia-women-purple-facet-75-mid-outdry-bl7615-553,Women,15.0,5.0,BL7615-088,,,,,5.0,2.0,columbia,"Steam, Frosted Purple","Shale Mauve, Graphite",,,,,,,,
Columbia Women Purple Facet 75 Mid Outdry (Complete Waterproof),"15,999",,https://columbiasportswear.co.in/columbia-women-purple-facet-75-mid-outdry-bl7615-553,Women,15.0,5.0,BL7615-553,,,,,5.0,2.0,columbia,"Steam, Frosted Purple","Shale Mauve, Graphite",,,,,,,,
Columbia Women Black RED HILLS OMNI-HEAT Water Resistant Shoes,"9,999",,https://columbiasportswear.co.in/columbia-women-black-red-hills-omni-heat-yl5934-010,Women,0.0,0.0,YL5934-005,,,,,5.0,2.0,columbia,"Kettle, Peach Blossom","Black, Sahara",,,,,,,,
Columbia Women Black RED HILLS OMNI-HEAT Water Resistant Shoes,"9,999",,https://columbiasportswear.co.in/columbia-women-black-red-hills-omni-heat-yl5934-010,Women,0.0,0.0,YL5934-010,,,,,5.0,2.0,columbia,"Kettle, Peach Blossom","Black, Sahara",,,,,,,,
Columbia Women Black TRAILSTORM MID Water Resistant Shoes,"8,999","9,999",https://columbiasportswear.co.in/trailstorm-mid-waterproof-bl0155-616,Women,38.0,4.0,BL0155-012,,,,,8.0,3.0,columbia,"Black, Deep Wave","Graphite, Dusty Green","Marionberry, Deep Water",,,,,,,
Columbia Women Grey TRAILSTORM MID Water Resistant Shoes,"6,999","9,999",https://columbiasportswear.co.in/trailstorm-mid-waterproof-bl0155-616,Women,38.0,4.0,BL0155-053,,,,,5.0,3.0,columbia,"Black, Deep Wave","Graphite, Dusty Green","Marionberry, Deep Water",,,,,,,
Columbia Women Red TRAILSTORM MID Water Resistant Shoes,"9,999",,https://columbiasportswear.co.in/trailstorm-mid-waterproof-bl0155-616,Women,38.0,4.0,BL0155-616,,,,,5.0,3.0,columbia,"Black, Deep Wave","Graphite, Dusty Green","Marionberry, Deep Water",,,,,,,
Columbia Women Brown SLOPESIDE PEAK LUXE Water Resistant Shoes,"9,999",,https://columbiasportswear.co.in/slopeside-peak-luxe-bl5106-279,Women,0.0,0.0,BL5106-279,,,,,5.0,1.0,columbia,"Dark Stone, Sea Salt",,,,,,,,,
Columbia Men Black TRAILSTORM PEAK MID,"10,399","12,999",https://columbiasportswear.co.in/trailstorm-peak-mid-bm5578-231,Men,32.0,5.0,BM5578-005,,,,,5.0,2.0,columbia,"Kettle, Black","Cordovan, Black",,,,,,,,
Columbia Men Brown TRAILSTORM PEAK MID,"10,399","12,999",https://columbiasportswear.co.in/trailstorm-peak-mid-bm5578-231,Men,31.0,5.0,BM5578-231,,,,,6.0,2.0,columbia,"Kettle, Black","Cordovan, Black",,,,,,,,
Columbia Men Black TRAILSTORM BEYOND,"6,299","6,999",https://columbiasportswear.co.in/men/footwear-men/trailstorm-beyond-bm0354-010,Men,0.0,0.0,BM0354-010,,,,,5.0,0.0,columbia,,,,,,,,,,
Columbia Men Black COLUMBIA VENT AERO,"8,099","8,999",https://columbiasportswear.co.in/columbia-vent-aero-bm0159-468,Men,30.0,4.0,BM0159-010,,,,,5.0,2.0,columbia,"Black, Graphite","Collegiate Navy, Red Quartz",,,,,,,,
Columbia Men Blue COLUMBIA VENT AERO,"7,199","8,999",https://columbiasportswear.co.in/columbia-vent-aero-bm0159-468,Men,36.0,4.0,BM0159-468,,,,,5.0,2.0,columbia,"Black, Graphite","Collegiate Navy, Red Quartz",,,,,,,,
Columbia Men Black COLUMBIA VENT AERO,"8,099","8,999",https://columbiasportswear.co.in/columbia-vent-aero-bm0159-468,Men,30.0,4.0,BM0159-010,,,,,5.0,2.0,columbia,"Black, Graphite","Collegiate Navy, Red Quartz",,,,,,,,
Columbia Men Blue COLUMBIA VENT AERO,"7,199","8,999",https://columbiasportswear.co.in/columbia-vent-aero-bm0159-468,Men,36.0,4.0,BM0159-468,,,,,5.0,2.0,columbia,"Black, Graphite","Collegiate Navy, Red Quartz",,,,,,,,
Columbia Men Orange MONTRAIL TRINITY AG,"10,399","12,999",https://columbiasportswear.co.in/men/footwear-men/montrail-trinity-ag-bm8310-813,Men,17.0,5.0,BM8310-813,,,,,5.0,0.0,columbia,,,,,,,,,,
Columbia Men Black CRESTWOOD Water Resistant Shoes,"8,999",,https://columbiasportswear.co.in/columbia-men-brown-crestwood-waterproof-bm5372-255,Men,59.0,4.0,BM5372-006,,,,,5.0,4.0,columbia,"Kettle, Black","Oatmeal, Beach","Graphite, Dark Adobe","Mud, Squash",,,,,,
Columbia Men Brown CRESTWOOD Water Resistant Shoes,"8,099","8,999",https://columbiasportswear.co.in/columbia-men-brown-crestwood-waterproof-bm5372-255,Men,91.0,4.0,BM5372-241,,,,,5.0,4.0,columbia,"Kettle, Black","Oatmeal, Beach","Graphite, Dark Adobe","Mud, Squash",,,,,,
Columbia Men Grey Crestwood Water Resistant Shoes,"8,999",,https://columbiasportswear.co.in/columbia-men-brown-crestwood-waterproof-bm5372-255,Men,30.0,4.0,BM5372-053,,,,,7.0,4.0,columbia,"Kettle, Black","Oatmeal, Beach","Graphite, Dark Adobe","Mud, Squash",,,,,,
Columbia Men Brown Crestwood Water Resistant Shoes,"8,999",,https://columbiasportswear.co.in/columbia-men-brown-crestwood-waterproof-bm5372-255,Men,47.0,4.0,BM5372-255,,,,,7.0,4.0,columbia,"Kettle, Black","Oatmeal, Beach","Graphite, Dark Adobe","Mud, Squash",,,,,,
Columbia Men Black WOODBURN II CHUKKA OMNI-HEAT Water Resistant Shoes,"9,999",,https://columbiasportswear.co.in/men/footwear-men/columbia-men-black-woodburn-ii-chukka-wp-omni-heat-bm3926-010,Men,0.0,0.0,BM3926-010,,,,,6.0,0.0,columbia,,,,,,,,,,
Columbia Men Black EXPEDITIONIST BOOT Water Resistant Shoes,"15,999",,https://columbiasportswear.co.in/expeditionist-boot-bm8525-010,Men,30.0,4.0,BM8525-010,,,,,5.0,1.0,columbia,"Black, Graphite",,,,,,,,,
Columbia Men BROWN Plateau Venture,"7,999",,https://columbiasportswear.co.in/columbia-men-brown-plateau-venture-bm7536-213,Men,0.0,0.0,BM7536-255,,,,,7.0,2.0,columbia,"Mud, Abyss","Peatmoss, Black",,,,,,,,
Columbia Men Brown Plateau Venture,"7,999",,https://columbiasportswear.co.in/columbia-men-brown-plateau-venture-bm7536-213,Men,0.0,0.0,BM7536-213,,,,,7.0,2.0,columbia,"Mud, Abyss","Peatmoss, Black",,,,,,,,
Columbia Men Black CRESTWOOD MID Water Resistant Shoes,"9,999",,https://columbiasportswear.co.in/columbia-men-blue-crestwood-mid-waterproof-bm5371-468,Men,60.0,4.0,BM5371-014,,,,,0.0,5.0,columbia,"Black, Charcoal","Light Cloud, Sea Salt","Cordovan, Squash","Nori, Black","Collegiate Navy, Black",,,,,
Columbia Men Grey CRESTWOOD MID Water Resistant Shoes,"9,999",,https://columbiasportswear.co.in/columbia-men-blue-crestwood-mid-waterproof-bm5371-468,Men,60.0,4.0,BM5371-020,,,,,5.0,5.0,columbia,"Black, Charcoal","Light Cloud, Sea Salt","Cordovan, Squash","Nori, Black","Collegiate Navy, Black",,,,,
Columbia Men Brown CRESTWOOD MID Water Resistant Shoes,"9,999",,https://columbiasportswear.co.in/columbia-men-blue-crestwood-mid-waterproof-bm5371-468,Men,58.0,4.0,BM5371-231,,,,,5.0,5.0,columbia,"Black, Charcoal","Light Cloud, Sea Salt","Cordovan, Squash","Nori, Black","Collegiate Navy, Black",,,,,
Columbia Men Green Crestwood Mid Water Resistant Shoes,"9,999",,https://columbiasportswear.co.in/columbia-men-blue-crestwood-mid-waterproof-bm5371-468,Men,30.0,4.0,BM5371-384,,,,,7.0,5.0,columbia,"Black, Charcoal","Light Cloud, Sea Salt","Cordovan, Squash","Nori, Black","Collegiate Navy, Black",,,,,
Columbia Men Blue Crestwood Mid Water Resistant Shoes,"9,999",,https://columbiasportswear.co.in/columbia-men-blue-crestwood-mid-waterproof-bm5371-468,Men,30.0,4.0,BM5371-468,,,,,7.0,5.0,columbia,"Black, Charcoal","Light Cloud, Sea Salt","Cordovan, Squash","Nori, Black","Collegiate Navy, Black",,,,,
Columbia Men Black CRESTWOOD Water Resistant Shoes,"8,999",,https://columbiasportswear.co.in/columbia-men-brown-crestwood-waterproof-bm5372-255,Men,59.0,4.0,BM5372-006,,,,,5.0,4.0,columbia,"Kettle, Black","Oatmeal, Beach","Graphite, Dark Adobe","Mud, Squash",,,,,,
Columbia Men Brown CRESTWOOD Water Resistant Shoes,"8,099","8,999",https://columbiasportswear.co.in/columbia-men-brown-crestwood-waterproof-bm5372-255,Men,91.0,4.0,BM5372-241,,,,,5.0,4.0,columbia,"Kettle, Black","Oatmeal, Beach","Graphite, Dark Adobe","Mud, Squash",,,,,,
Columbia Men Grey Crestwood Water Resistant Shoes,"8,999",,https://columbiasportswear.co.in/columbia-men-brown-crestwood-waterproof-bm5372-255,Men,30.0,4.0,BM5372-053,,,,,7.0,4.0,columbia,"Kettle, Black","Oatmeal, Beach","Graphite, Dark Adobe","Mud, Squash",,,,,,
Columbia Men Brown Crestwood Water Resistant Shoes,"8,999",,https://columbiasportswear.co.in/columbia-men-brown-crestwood-waterproof-bm5372-255,Men,47.0,4.0,BM5372-255,,,,,7.0,4.0,columbia,"Kettle, Black","Oatmeal, Beach","Graphite, Dark Adobe","Mud, Squash",,,,,,
Columbia Men BROWN Plateau Venture,"7,999",,https://columbiasportswear.co.in/columbia-men-brown-plateau-venture-bm7536-213,Men,0.0,0.0,BM7536-255,,,,,7.0,2.0,columbia,"Mud, Abyss","Peatmoss, Black",,,,,,,,
Columbia Men Brown Plateau Venture,"7,999",,https://columbiasportswear.co.in/columbia-men-brown-plateau-venture-bm7536-213,Men,0.0,0.0,BM7536-213,,,,,7.0,2.0,columbia,"Mud, Abyss","Peatmoss, Black",,,,,,,,
Columbia Men Black CRESTWOOD Water Resistant Shoes,"8,999",,https://columbiasportswear.co.in/columbia-men-brown-crestwood-waterproof-bm5372-255,Men,59.0,4.0,BM5372-006,,,,,5.0,4.0,columbia,"Kettle, Black","Oatmeal, Beach","Graphite, Dark Adobe","Mud, Squash",,,,,,
Columbia Men Brown CRESTWOOD Water Resistant Shoes,"8,099","8,999",https://columbiasportswear.co.in/columbia-men-brown-crestwood-waterproof-bm5372-255,Men,91.0,4.0,BM5372-241,,,,,5.0,4.0,columbia,"Kettle, Black","Oatmeal, Beach","Graphite, Dark Adobe","Mud, Squash",,,,,,
Columbia Men Grey Crestwood Water Resistant Shoes,"8,999",,https://columbiasportswear.co.in/columbia-men-brown-crestwood-waterproof-bm5372-255,Men,30.0,4.0,BM5372-053,,,,,7.0,4.0,columbia,"Kettle, Black","Oatmeal, Beach","Graphite, Dark Adobe","Mud, Squash",,,,,,
Columbia Men Brown Crestwood Water Resistant Shoes,"8,999",,https://columbiasportswear.co.in/columbia-men-brown-crestwood-waterproof-bm5372-255,Men,47.0,4.0,BM5372-255,,,,,7.0,4.0,columbia,"Kettle, Black","Oatmeal, Beach","Graphite, Dark Adobe","Mud, Squash",,,,,,
Columbia Men BLACK Hood River Slide,"3,499",,https://columbiasportswear.co.in/columbia-men-blue-hood-river-slide-bm0166-441,Men,36.0,4.0,BM0166-010,,,,,5.0,2.0,columbia,"Black, White","Mountain, Admiral",,,,,,,,
Columbia Men Blue Hood River Slide,"3,499",,https://columbiasportswear.co.in/columbia-men-blue-hood-river-slide-bm0166-441,Men,38.0,4.0,BM0166-441,,,,,5.0,2.0,columbia,"Black, White","Mountain, Admiral",,,,,,,,
Columbia Men BLACK Breaksider Sandal,"5,999",,https://columbiasportswear.co.in/columbia-men-green-breaksider-sandal-bm0486-302,Men,0.0,0.0,BM0486-010,,,,,5.0,2.0,columbia,"Black, Graphite","Mosstone, Golden Yellow",,,,,,,,
Columbia Men GREEN Breaksider Sandal,"5,999",,https://columbiasportswear.co.in/columbia-men-green-breaksider-sandal-bm0486-302,Men,0.0,0.0,BM0486-302,,,,,5.0,2.0,columbia,"Black, Graphite","Mosstone, Golden Yellow",,,,,,,,
Columbia Men Grey RE-PEAK MID,"9,999",,https://columbiasportswear.co.in/columbia-men-brown-re-peak-mid-bm6940-247,Men,0.0,0.0,BM6940-089,,,,,5.0,2.0,columbia,"DARK GREY, BLACK","Canvas Tan, Black",,,,,,,,
Columbia Men Brown RE-PEAK MID,"9,999",,https://columbiasportswear.co.in/columbia-men-brown-re-peak-mid-bm6940-247,Men,0.0,0.0,BM6940-247,,,,,5.0,2.0,columbia,"DARK GREY, BLACK","Canvas Tan, Black",,,,,,,,
Columbia Men Green EXPEDITIONIST SHIELD Water Resistant Shoes,"14,999",,https://columbiasportswear.co.in/men/footwear-men/columbia-men-green-expeditionist-shield-bm9083-373,Men,0.0,0.0,BM9083-373,,,,,6.0,0.0,columbia,,,,,,,,,,
Columbia Men Black HATANA MAX OUTDRY (Complete Waterproof),"10,999",,https://columbiasportswear.co.in/columbia-men-black-hatana-max-outdry-bm0659-010,Men,1.0,5.0,BM0659-013,,,,,0.0,3.0,columbia,"Black, Compass Blue","Deep Water, Spark","Black, White",,,,,,,
Columbia Men GREEN HATANA MAX OUTDRY,"10,999",,https://columbiasportswear.co.in/columbia-men-black-hatana-max-outdry-bm0659-010,Men,0.0,0.0,BM0659-317,,,,,7.0,3.0,columbia,"Black, Compass Blue","Deep Water, Spark","Black, White",,,,,,,
Columbia Men Black HATANA MAX OUTDRY (Complete Waterproof),"10,999",,https://columbiasportswear.co.in/columbia-men-black-hatana-max-outdry-bm0659-010,Men,0.0,0.0,BM0659-010,,,,,5.0,3.0,columbia,"Black, Compass Blue","Deep Water, Spark","Black, White",,,,,,,
Columbia Men Black PEAKFREAK II OUTDRY (Complete Waterproof),"10,999",,https://columbiasportswear.co.in/columbia-men-brown-peakfreak-ii-outdry-bm5953-247,Men,31.0,5.0,BM5953-012,,,,,6.0,2.0,columbia,"Black, White","Canvas Tan, Black",,,,,,,,
Columbia Men Brown Peakfreak II Outdry (Complete Waterproof),"10,999",,https://columbiasportswear.co.in/columbia-men-brown-peakfreak-ii-outdry-bm5953-247,Men,21.0,5.0,BM5953-247,,,,,7.0,2.0,columbia,"Black, White","Canvas Tan, Black",,,,,,,,
Columbia Men BLACK ESCAPE THRIVE ULTRA,"12,999",,https://columbiasportswear.co.in/men/footwear-men/escape-thrive-ultra-bm7874-012,Men,36.0,4.0,BM7874-012,,,,,5.0,0.0,columbia,,,,,,,,,,
Columbia Men Black TRAILSTORM Water Resistant Shoes,"8,999",,https://columbiasportswear.co.in/trailstorm-waterproof-bm0156-478,Men,42.0,4.0,BM0156-010,,,,,9.0,4.0,columbia,"Black, Solar","Dark Grey, Bright Gold","Dark Moss, Mango","Dark Mountain, Steam",,,,,,
Columbia Men Grey TRAILSTORM Water Resistant Shoes,"8,999",,https://columbiasportswear.co.in/trailstorm-waterproof-bm0156-478,Men,34.0,4.0,BM0156-089,,,,,5.0,4.0,columbia,"Black, Solar","Dark Grey, Bright Gold","Dark Moss, Mango","Dark Mountain, Steam",,,,,,
Columbia Men Green TRAILSTORM Water Resistant Shoes,"8,999",,https://columbiasportswear.co.in/trailstorm-waterproof-bm0156-478,Men,34.0,4.0,BM0156-367,,,,,5.0,4.0,columbia,"Black, Solar","Dark Grey, Bright Gold","Dark Moss, Mango","Dark Mountain, Steam",,,,,,
Columbia Men Blue TRAILSTORM Water Resistant Shoes,"8,999",,https://columbiasportswear.co.in/trailstorm-waterproof-bm0156-478,Men,34.0,4.0,BM0156-478,,,,,5.0,4.0,columbia,"Black, Solar","Dark Grey, Bright Gold","Dark Moss, Mango","Dark Mountain, Steam",,,,,,
Columbia Men BLACK Trailstorm Hiker 3 Strap,"6,999",,https://columbiasportswear.co.in/columbia-men-brown-trailstorm-hiker-3-strap-bm8210-231,Men,4.0,5.0,BM8210-005,,,,,0.0,2.0,columbia,"Kettle, Black","Cordovan, Gold Amber",,,,,,,,
Columbia Men Brown TRAILSTORM HIKER 3 STRAP,"6,999",,https://columbiasportswear.co.in/columbia-men-brown-trailstorm-hiker-3-strap-bm8210-231,Men,4.0,5.0,BM8210-231,,,,,5.0,2.0,columbia,"Kettle, Black","Cordovan, Gold Amber",,,,,,,,
Columbia Men Green FIRECAMP REMESH,"6,999",,https://columbiasportswear.co.in/columbia-men-blue-firecamp-remesh-bm1905-468,Men,0.0,0.0,BM1905-399,,,,,5.0,2.0,columbia,"Stone Green, Black","Collegiate Navy, Tippet",,,,,,,,
Columbia Men Blue FIRECAMP REMESH,"6,999",,https://columbiasportswear.co.in/columbia-men-blue-firecamp-remesh-bm1905-468,Men,0.0,0.0,BM1905-468,,,,,5.0,2.0,columbia,"Stone Green, Black","Collegiate Navy, Tippet",,,,,,,,
Columbia Men BROWN Columbia 2 Strap,"5,999",,https://columbiasportswear.co.in/columbia-men-green-columbia-2-strap-bm0111-339,Men,37.0,4.0,BM0111-231,,,,,5.0,2.0,columbia,"Cordovan, Curry","Gravel, Black",,,,,,,,
Columbia Men GREEN Columbia 2 Strap,"5,999",,https://columbiasportswear.co.in/columbia-men-green-columbia-2-strap-bm0111-339,Men,46.0,4.0,BM0111-339,,,,,5.0,2.0,columbia,"Cordovan, Curry","Gravel, Black",,,,,,,,
Columbia Men BROWN Hatana Breathe,"9,999",,https://columbiasportswear.co.in/columbia-men-green-hatana-breathe-bm7444-383,Men,0.0,0.0,BM7444-227,,,,,6.0,2.0,columbia,"Pebble, Black","Nori, Gold Amber",,,,,,,,
Columbia Men GREEN Hatana Breathe,"9,999",,https://columbiasportswear.co.in/columbia-men-green-hatana-breathe-bm7444-383,Men,0.0,0.0,BM7444-383,,,,,6.0,2.0,columbia,"Pebble, Black","Nori, Gold Amber",,,,,,,,
Columbia Men BROWN Columbia 2 Strap,"5,999",,https://columbiasportswear.co.in/columbia-men-green-columbia-2-strap-bm0111-339,Men,37.0,4.0,BM0111-231,,,,,5.0,2.0,columbia,"Cordovan, Curry","Gravel, Black",,,,,,,,
Columbia Men GREEN Columbia 2 Strap,"5,999",,https://columbiasportswear.co.in/columbia-men-green-columbia-2-strap-bm0111-339,Men,46.0,4.0,BM0111-339,,,,,5.0,2.0,columbia,"Cordovan, Curry","Gravel, Black",,,,,,,,
Columbia Men Black HATANA MAX OUTDRY (Complete Waterproof),"10,999",,https://columbiasportswear.co.in/columbia-men-black-hatana-max-outdry-bm0659-010,Men,1.0,5.0,BM0659-013,,,,,0.0,3.0,columbia,"Black, Compass Blue","Deep Water, Spark","Black, White",,,,,,,
Columbia Men GREEN HATANA MAX OUTDRY,"10,999",,https://columbiasportswear.co.in/columbia-men-black-hatana-max-outdry-bm0659-010,Men,0.0,0.0,BM0659-317,,,,,7.0,3.0,columbia,"Black, Compass Blue","Deep Water, Spark","Black, White",,,,,,,
Columbia Men Black HATANA MAX OUTDRY (Complete Waterproof),"10,999",,https://columbiasportswear.co.in/columbia-men-black-hatana-max-outdry-bm0659-010,Men,0.0,0.0,BM0659-010,,,,,5.0,3.0,columbia,"Black, Compass Blue","Deep Water, Spark","Black, White",,,,,,,
Columbia Men Grey RE-PEAK MID,"9,999",,https://columbiasportswear.co.in/columbia-men-brown-re-peak-mid-bm6940-247,Men,0.0,0.0,BM6940-089,,,,,5.0,2.0,columbia,"DARK GREY, BLACK","Canvas Tan, Black",,,,,,,,
Columbia Men Brown RE-PEAK MID,"9,999",,https://columbiasportswear.co.in/columbia-men-brown-re-peak-mid-bm6940-247,Men,0.0,0.0,BM6940-247,,,,,5.0,2.0,columbia,"DARK GREY, BLACK","Canvas Tan, Black",,,,,,,,
Columbia Men BLACK Breaksider Sandal,"5,999",,https://columbiasportswear.co.in/columbia-men-green-breaksider-sandal-bm0486-302,Men,0.0,0.0,BM0486-010,,,,,5.0,2.0,columbia,"Black, Graphite","Mosstone, Golden Yellow",,,,,,,,
Columbia Men GREEN Breaksider Sandal,"5,999",,https://columbiasportswear.co.in/columbia-men-green-breaksider-sandal-bm0486-302,Men,0.0,0.0,BM0486-302,,,,,5.0,2.0,columbia,"Black, Graphite","Mosstone, Golden Yellow",,,,,,,,
Columbia Men Green FIRECAMP REMESH,"6,999",,https://columbiasportswear.co.in/columbia-men-blue-firecamp-remesh-bm1905-468,Men,0.0,0.0,BM1905-399,,,,,5.0,2.0,columbia,"Stone Green, Black","Collegiate Navy, Tippet",,,,,,,,
Columbia Men Blue FIRECAMP REMESH,"6,999",,https://columbiasportswear.co.in/columbia-men-blue-firecamp-remesh-bm1905-468,Men,0.0,0.0,BM1905-468,,,,,5.0,2.0,columbia,"Stone Green, Black","Collegiate Navy, Tippet",,,,,,,,
Columbia Men BROWN Hatana Breathe,"9,999",,https://columbiasportswear.co.in/columbia-men-green-hatana-breathe-bm7444-383,Men,0.0,0.0,BM7444-227,,,,,6.0,2.0,columbia,"Pebble, Black","Nori, Gold Amber",,,,,,,,
Columbia Men GREEN Hatana Breathe,"9,999",,https://columbiasportswear.co.in/columbia-men-green-hatana-breathe-bm7444-383,Men,0.0,0.0,BM7444-383,,,,,6.0,2.0,columbia,"Pebble, Black","Nori, Gold Amber",,,,,,,,
Columbia Men BLACK Hood River Slide,"3,499",,https://columbiasportswear.co.in/columbia-men-blue-hood-river-slide-bm0166-441,Men,36.0,4.0,BM0166-010,,,,,5.0,2.0,columbia,"Black, White","Mountain, Admiral",,,,,,,,
Columbia Men Blue Hood River Slide,"3,499",,https://columbiasportswear.co.in/columbia-men-blue-hood-river-slide-bm0166-441,Men,38.0,4.0,BM0166-441,,,,,5.0,2.0,columbia,"Black, White","Mountain, Admiral",,,,,,,,
Columbia Men Black FACET 60 OUTDRY (Complete Waterproof),"12,799","15,999",https://columbiasportswear.co.in/facet-60-outdry-bm3530-858,Men,12.0,5.0,BM3530-010,,,,,7.0,3.0,columbia,"Black, Red Jasper","Dark Grey, Silver Grey","Warm Copper, Black",,,,,,,
Columbia Men Grey FACET 60 OUTDRY (Complete Waterproof),"12,799","15,999",https://columbiasportswear.co.in/facet-60-outdry-bm3530-858,Men,12.0,5.0,BM3530-089,,,,,5.0,3.0,columbia,"Black, Red Jasper","Dark Grey, Silver Grey","Warm Copper, Black",,,,,,,
Columbia Men Orange FACET 60 OUTDRY (Complete Waterproof),"15,999",,https://columbiasportswear.co.in/facet-60-outdry-bm3530-858,Men,19.0,5.0,BM3530-858,,,,,5.0,3.0,columbia,"Black, Red Jasper","Dark Grey, Silver Grey","Warm Copper, Black",,,,,,,
Columbia Men Black FACET 60 OUTDRY (Complete Waterproof),"12,799","15,999",https://columbiasportswear.co.in/facet-60-outdry-bm3530-858,Men,12.0,5.0,BM3530-010,,,,,7.0,3.0,columbia,"Black, Red Jasper","Dark Grey, Silver Grey","Warm Copper, Black",,,,,,,
Columbia Men Grey FACET 60 OUTDRY (Complete Waterproof),"12,799","15,999",https://columbiasportswear.co.in/facet-60-outdry-bm3530-858,Men,12.0,5.0,BM3530-089,,,,,5.0,3.0,columbia,"Black, Red Jasper","Dark Grey, Silver Grey","Warm Copper, Black",,,,,,,
Columbia Men Orange FACET 60 OUTDRY (Complete Waterproof),"15,999",,https://columbiasportswear.co.in/facet-60-outdry-bm3530-858,Men,19.0,5.0,BM3530-858,,,,,5.0,3.0,columbia,"Black, Red Jasper","Dark Grey, Silver Grey","Warm Copper, Black",,,,,,,
Columbia Men Blue PEAKFREAK X2 OUTDRY (Complete Waterproof),"10,999",,https://columbiasportswear.co.in/peakfreak-x2-outdry-bm0829-439,Men,0.0,0.0,BM0829-415,,,,,8.0,3.0,columbia,"Blue Shadow, Golden Yellow","Graphite, Dark Adobe","Abyss, Fission",,,,,,,
Columbia Men Grey PEAKFREAK X2 OUTDRY (Complete Waterproof),"10,999",,https://columbiasportswear.co.in/peakfreak-x2-outdry-bm0829-439,Men,0.0,0.0,BM0829-053,,,,,6.0,3.0,columbia,"Blue Shadow, Golden Yellow","Graphite, Dark Adobe","Abyss, Fission",,,,,,,
Columbia Men Blue PEAKFREAK X2 OUTDRY (Complete Waterproof),"10,999",,https://columbiasportswear.co.in/peakfreak-x2-outdry-bm0829-439,Men,0.0,0.0,BM0829-439,,,,,6.0,3.0,columbia,"Blue Shadow, Golden Yellow","Graphite, Dark Adobe","Abyss, Fission",,,,,,,
Columbia Men BLACK Thrive Revive,"6,499",,https://columbiasportswear.co.in/thrive-revive-bm8043-302,Men,26.0,5.0,BM8043-010,,,,,5.0,3.0,columbia,"Black, Black","Dark Stone, Dark Stone","Mosstone, Mosstone",,,,,,,
Columbia Men BROWN Thrive Revive,"6,499",,https://columbiasportswear.co.in/thrive-revive-bm8043-302,Men,26.0,5.0,BM8043-278,,,,,5.0,3.0,columbia,"Black, Black","Dark Stone, Dark Stone","Mosstone, Mosstone",,,,,,,
Columbia Men GREEN Thrive Revive,"6,499",,https://columbiasportswear.co.in/thrive-revive-bm8043-302,Men,24.0,5.0,BM8043-302,,,,,5.0,3.0,columbia,"Black, Black","Dark Stone, Dark Stone","Mosstone, Mosstone",,,,,,,
Columbia Men Grey TRAILSTORM MID WATERPROOF,"9,999",,https://columbiasportswear.co.in/trailstorm-mid-waterproof-bm0155-472,Men,59.0,4.0,BM0155-053,,,,,5.0,3.0,columbia,Graphite,"Kettle, Mountain Red","Dark Nocturnal, Fission",,,,,,,
Columbia Men Black TRAILSTORM MID Water Resistant Shoes,"9,999",,https://columbiasportswear.co.in/trailstorm-mid-waterproof-bm0155-472,Men,69.0,4.0,BM0155-005,,,,,5.0,3.0,columbia,Graphite,"Kettle, Mountain Red","Dark Nocturnal, Fission",,,,,,,
Columbia Men Blue TRAILSTORM MID Water Resistant Shoes,"9,999",,https://columbiasportswear.co.in/trailstorm-mid-waterproof-bm0155-472,Men,59.0,4.0,BM0155-472,,,,,5.0,3.0,columbia,Graphite,"Kettle, Mountain Red","Dark Nocturnal, Fission",,,,,,,
Columbia Men Black TRAILSTORM Water Resistant Shoes,"8,999",,https://columbiasportswear.co.in/trailstorm-waterproof-bm0156-478,Men,42.0,4.0,BM0156-010,,,,,9.0,4.0,columbia,"Black, Solar","Dark Grey, Bright Gold","Dark Moss, Mango","Dark Mountain, Steam",,,,,,
Columbia Men Grey TRAILSTORM Water Resistant Shoes,"8,999",,https://columbiasportswear.co.in/trailstorm-waterproof-bm0156-478,Men,34.0,4.0,BM0156-089,,,,,5.0,4.0,columbia,"Black, Solar","Dark Grey, Bright Gold","Dark Moss, Mango","Dark Mountain, Steam",,,,,,
Columbia Men Green TRAILSTORM Water Resistant Shoes,"8,999",,https://columbiasportswear.co.in/trailstorm-waterproof-bm0156-478,Men,34.0,4.0,BM0156-367,,,,,5.0,4.0,columbia,"Black, Solar","Dark Grey, Bright Gold","Dark Moss, Mango","Dark Mountain, Steam",,,,,,
Columbia Men Blue TRAILSTORM Water Resistant Shoes,"8,999",,https://columbiasportswear.co.in/trailstorm-waterproof-bm0156-478,Men,34.0,4.0,BM0156-478,,,,,5.0,4.0,columbia,"Black, Solar","Dark Grey, Bright Gold","Dark Moss, Mango","Dark Mountain, Steam",,,,,,
Columbia Men Black TRAILSTORM Water Resistant Shoes,"8,999",,https://columbiasportswear.co.in/trailstorm-waterproof-bm0156-478,Men,42.0,4.0,BM0156-010,,,,,9.0,4.0,columbia,"Black, Solar","Dark Grey, Bright Gold","Dark Moss, Mango","Dark Mountain, Steam",,,,,,
Columbia Men Grey TRAILSTORM Water Resistant Shoes,"8,999",,https://columbiasportswear.co.in/trailstorm-waterproof-bm0156-478,Men,34.0,4.0,BM0156-089,,,,,5.0,4.0,columbia,"Black, Solar","Dark Grey, Bright Gold","Dark Moss, Mango","Dark Mountain, Steam",,,,,,
Columbia Men Green TRAILSTORM Water Resistant Shoes,"8,999",,https://columbiasportswear.co.in/trailstorm-waterproof-bm0156-478,Men,34.0,4.0,BM0156-367,,,,,5.0,4.0,columbia,"Black, Solar","Dark Grey, Bright Gold","Dark Moss, Mango","Dark Mountain, Steam",,,,,,
Columbia Men Blue TRAILSTORM Water Resistant Shoes,"8,999",,https://columbiasportswear.co.in/trailstorm-waterproof-bm0156-478,Men,34.0,4.0,BM0156-478,,,,,5.0,4.0,columbia,"Black, Solar","Dark Grey, Bright Gold","Dark Moss, Mango","Dark Mountain, Steam",,,,,,
Columbia Men Black STRATA TRAIL MID WP,"7,999",,https://columbiasportswear.co.in/columbia-men-black-strata-trail-mid-wp-ym8651-010,Men,0.0,0.0,YM8651-010,,,,,8.0,1.0,columbia,"Black, Owl",,,,,,,,,
Columbia Men Blue PEAKFREAK X2 OUTDRY (Complete Waterproof),"10,999",,https://columbiasportswear.co.in/peakfreak-x2-outdry-bm0829-439,Men,0.0,0.0,BM0829-415,,,,,8.0,3.0,columbia,"Blue Shadow, Golden Yellow","Graphite, Dark Adobe","Abyss, Fission",,,,,,,
Columbia Men Grey PEAKFREAK X2 OUTDRY (Complete Waterproof),"10,999",,https://columbiasportswear.co.in/peakfreak-x2-outdry-bm0829-439,Men,0.0,0.0,BM0829-053,,,,,6.0,3.0,columbia,"Blue Shadow, Golden Yellow","Graphite, Dark Adobe","Abyss, Fission",,,,,,,
Columbia Men Blue PEAKFREAK X2 OUTDRY (Complete Waterproof),"10,999",,https://columbiasportswear.co.in/peakfreak-x2-outdry-bm0829-439,Men,0.0,0.0,BM0829-439,,,,,6.0,3.0,columbia,"Blue Shadow, Golden Yellow","Graphite, Dark Adobe","Abyss, Fission",,,,,,,
Columbia Men Black FACET 45 OUTDRY (Complete Waterproof),"16,999",,https://columbiasportswear.co.in/men/footwear-men/facet-45-outdry-bm0133-010,Men,10.0,5.0,BM0133-010,,,,,5.0,0.0,columbia,,,,,,,,,,
Columbia Men Blue PEAKFREAK X2 OUTDRY (Complete Waterproof),"10,999",,https://columbiasportswear.co.in/peakfreak-x2-outdry-bm0829-439,Men,0.0,0.0,BM0829-415,,,,,8.0,3.0,columbia,"Blue Shadow, Golden Yellow","Graphite, Dark Adobe","Abyss, Fission",,,,,,,
Columbia Men Grey PEAKFREAK X2 OUTDRY (Complete Waterproof),"10,999",,https://columbiasportswear.co.in/peakfreak-x2-outdry-bm0829-439,Men,0.0,0.0,BM0829-053,,,,,6.0,3.0,columbia,"Blue Shadow, Golden Yellow","Graphite, Dark Adobe","Abyss, Fission",,,,,,,
Columbia Men Blue PEAKFREAK X2 OUTDRY (Complete Waterproof),"10,999",,https://columbiasportswear.co.in/peakfreak-x2-outdry-bm0829-439,Men,0.0,0.0,BM0829-439,,,,,6.0,3.0,columbia,"Blue Shadow, Golden Yellow","Graphite, Dark Adobe","Abyss, Fission",,,,,,,
Columbia Men Black HOOD RIVER FLIP,"2,999",,https://columbiasportswear.co.in/men/footwear-men/columbia-men-black-hood-river-flip-bm6923-005,Men,0.0,0.0,BM6923-005,,,,,5.0,0.0,columbia,,,,,,,,,,
Columbia Men Grey TRAILSTORM MID WATERPROOF,"9,999",,https://columbiasportswear.co.in/trailstorm-mid-waterproof-bm0155-472,Men,59.0,4.0,BM0155-053,,,,,5.0,3.0,columbia,Graphite,"Kettle, Mountain Red","Dark Nocturnal, Fission",,,,,,,
Columbia Men Black TRAILSTORM MID Water Resistant Shoes,"9,999",,https://columbiasportswear.co.in/trailstorm-mid-waterproof-bm0155-472,Men,69.0,4.0,BM0155-005,,,,,5.0,3.0,columbia,Graphite,"Kettle, Mountain Red","Dark Nocturnal, Fission",,,,,,,
Columbia Men Blue TRAILSTORM MID Water Resistant Shoes,"9,999",,https://columbiasportswear.co.in/trailstorm-mid-waterproof-bm0155-472,Men,59.0,4.0,BM0155-472,,,,,5.0,3.0,columbia,Graphite,"Kettle, Mountain Red","Dark Nocturnal, Fission",,,,,,,
Columbia Men Grey REDMOND V2 MID Water Resistant Shoes,"8,999",,https://columbiasportswear.co.in/redmond-v2-mid-wp-bm0833-231,Men,44.0,4.0,BM0833-053,,,,,5.0,2.0,columbia,Graphite,Cordovan,,,,,,,,
Columbia Men Brown REDMOND V2 MID Water Resistant Shoes,"8,099","8,999",https://columbiasportswear.co.in/redmond-v2-mid-wp-bm0833-231,Men,35.0,4.0,BM0833-231,,,,,5.0,2.0,columbia,Graphite,Cordovan,,,,,,,,
Columbia Men BLACK Montrail Trinity Fkt,"13,999",,https://columbiasportswear.co.in/montrail-trinity-fkt-bm6578-417,Men,5.0,5.0,BM6578-010,,,,,5.0,2.0,columbia,"Black, White","Ocean Blue, Collegiate Navy",,,,,,,,
Columbia Men BLUE Montrail Trinity Fkt,"13,999",,https://columbiasportswear.co.in/montrail-trinity-fkt-bm6578-417,Men,5.0,5.0,BM6578-417,,,,,5.0,2.0,columbia,"Black, White","Ocean Blue, Collegiate Navy",,,,,,,,
Columbia Men BLACK Thrive Revive,"6,499",,https://columbiasportswear.co.in/thrive-revive-bm8043-302,Men,26.0,5.0,BM8043-010,,,,,5.0,3.0,columbia,"Black, Black","Dark Stone, Dark Stone","Mosstone, Mosstone",,,,,,,
Columbia Men BROWN Thrive Revive,"6,499",,https://columbiasportswear.co.in/thrive-revive-bm8043-302,Men,26.0,5.0,BM8043-278,,,,,5.0,3.0,columbia,"Black, Black","Dark Stone, Dark Stone","Mosstone, Mosstone",,,,,,,
Columbia Men GREEN Thrive Revive,"6,499",,https://columbiasportswear.co.in/thrive-revive-bm8043-302,Men,24.0,5.0,BM8043-302,,,,,5.0,3.0,columbia,"Black, Black","Dark Stone, Dark Stone","Mosstone, Mosstone",,,,,,,
Columbia Men Grey REDMOND V2 MID Water Resistant Shoes,"8,999",,https://columbiasportswear.co.in/redmond-v2-mid-wp-bm0833-231,Men,44.0,4.0,BM0833-053,,,,,5.0,2.0,columbia,Graphite,Cordovan,,,,,,,,
Columbia Men Brown REDMOND V2 MID Water Resistant Shoes,"8,099","8,999",https://columbiasportswear.co.in/redmond-v2-mid-wp-bm0833-231,Men,35.0,4.0,BM0833-231,,,,,5.0,2.0,columbia,Graphite,Cordovan,,,,,,,,
Columbia Men Brown REDMOND V2 Water Resistant Shoes,"7,999",,https://columbiasportswear.co.in/men/footwear-men/redmond-v2-wp-bi0834-255,Men,0.0,0.0,BI0834-255,,,,,7.0,0.0,columbia,,,,,,,,,,
Columbia Men Black FACET 60 OUTDRY (Complete Waterproof),"12,799","15,999",https://columbiasportswear.co.in/facet-60-outdry-bm3530-858,Men,12.0,5.0,BM3530-010,,,,,7.0,3.0,columbia,"Black, Red Jasper","Dark Grey, Silver Grey","Warm Copper, Black",,,,,,,
Columbia Men Grey FACET 60 OUTDRY (Complete Waterproof),"12,799","15,999",https://columbiasportswear.co.in/facet-60-outdry-bm3530-858,Men,12.0,5.0,BM3530-089,,,,,5.0,3.0,columbia,"Black, Red Jasper","Dark Grey, Silver Grey","Warm Copper, Black",,,,,,,
Columbia Men Orange FACET 60 OUTDRY (Complete Waterproof),"15,999",,https://columbiasportswear.co.in/facet-60-outdry-bm3530-858,Men,19.0,5.0,BM3530-858,,,,,5.0,3.0,columbia,"Black, Red Jasper","Dark Grey, Silver Grey","Warm Copper, Black",,,,,,,
Columbia Men BLACK Thrive Revive,"6,499",,https://columbiasportswear.co.in/thrive-revive-bm8043-302,Men,26.0,5.0,BM8043-010,,,,,5.0,3.0,columbia,"Black, Black","Dark Stone, Dark Stone","Mosstone, Mosstone",,,,,,,
Columbia Men BROWN Thrive Revive,"6,499",,https://columbiasportswear.co.in/thrive-revive-bm8043-302,Men,26.0,5.0,BM8043-278,,,,,5.0,3.0,columbia,"Black, Black","Dark Stone, Dark Stone","Mosstone, Mosstone",,,,,,,
Columbia Men GREEN Thrive Revive,"6,499",,https://columbiasportswear.co.in/thrive-revive-bm8043-302,Men,24.0,5.0,BM8043-302,,,,,5.0,3.0,columbia,"Black, Black","Dark Stone, Dark Stone","Mosstone, Mosstone",,,,,,,
Columbia Men Black TRAILSTORM Water Resistant Shoes,"8,999",,https://columbiasportswear.co.in/trailstorm-waterproof-bm0156-478,Men,42.0,4.0,BM0156-010,,,,,9.0,4.0,columbia,"Black, Solar","Dark Grey, Bright Gold","Dark Moss, Mango","Dark Mountain, Steam",,,,,,
Columbia Men Grey TRAILSTORM Water Resistant Shoes,"8,999",,https://columbiasportswear.co.in/trailstorm-waterproof-bm0156-478,Men,34.0,4.0,BM0156-089,,,,,5.0,4.0,columbia,"Black, Solar","Dark Grey, Bright Gold","Dark Moss, Mango","Dark Mountain, Steam",,,,,,
Columbia Men Green TRAILSTORM Water Resistant Shoes,"8,999",,https://columbiasportswear.co.in/trailstorm-waterproof-bm0156-478,Men,34.0,4.0,BM0156-367,,,,,5.0,4.0,columbia,"Black, Solar","Dark Grey, Bright Gold","Dark Moss, Mango","Dark Mountain, Steam",,,,,,
Columbia Men Blue TRAILSTORM Water Resistant Shoes,"8,999",,https://columbiasportswear.co.in/trailstorm-waterproof-bm0156-478,Men,34.0,4.0,BM0156-478,,,,,5.0,4.0,columbia,"Black, Solar","Dark Grey, Bright Gold","Dark Moss, Mango","Dark Mountain, Steam",,,,,,
Columbia Men Grey TRAILSTORM MID WATERPROOF,"9,999",,https://columbiasportswear.co.in/trailstorm-mid-waterproof-bm0155-472,Men,59.0,4.0,BM0155-053,,,,,5.0,3.0,columbia,Graphite,"Kettle, Mountain Red","Dark Nocturnal, Fission",,,,,,,
Columbia Men Black TRAILSTORM MID Water Resistant Shoes,"9,999",,https://columbiasportswear.co.in/trailstorm-mid-waterproof-bm0155-472,Men,69.0,4.0,BM0155-005,,,,,5.0,3.0,columbia,Graphite,"Kettle, Mountain Red","Dark Nocturnal, Fission",,,,,,,
Columbia Men Blue TRAILSTORM MID Water Resistant Shoes,"9,999",,https://columbiasportswear.co.in/trailstorm-mid-waterproof-bm0155-472,Men,59.0,4.0,BM0155-472,,,,,5.0,3.0,columbia,Graphite,"Kettle, Mountain Red","Dark Nocturnal, Fission",,,,,,,
Columbia Men Black CRESTWOOD MID Water Resistant Shoes,"9,999",,https://columbiasportswear.co.in/columbia-men-blue-crestwood-mid-waterproof-bm5371-468,Men,60.0,4.0,BM5371-014,,,,,0.0,5.0,columbia,"Black, Charcoal","Light Cloud, Sea Salt","Cordovan, Squash","Nori, Black","Collegiate Navy, Black",,,,,
Columbia Men Grey CRESTWOOD MID Water Resistant Shoes,"9,999",,https://columbiasportswear.co.in/columbia-men-blue-crestwood-mid-waterproof-bm5371-468,Men,60.0,4.0,BM5371-020,,,,,5.0,5.0,columbia,"Black, Charcoal","Light Cloud, Sea Salt","Cordovan, Squash","Nori, Black","Collegiate Navy, Black",,,,,
Columbia Men Brown CRESTWOOD MID Water Resistant Shoes,"9,999",,https://columbiasportswear.co.in/columbia-men-blue-crestwood-mid-waterproof-bm5371-468,Men,58.0,4.0,BM5371-231,,,,,5.0,5.0,columbia,"Black, Charcoal","Light Cloud, Sea Salt","Cordovan, Squash","Nori, Black","Collegiate Navy, Black",,,,,
Columbia Men Green Crestwood Mid Water Resistant Shoes,"9,999",,https://columbiasportswear.co.in/columbia-men-blue-crestwood-mid-waterproof-bm5371-468,Men,30.0,4.0,BM5371-384,,,,,7.0,5.0,columbia,"Black, Charcoal","Light Cloud, Sea Salt","Cordovan, Squash","Nori, Black","Collegiate Navy, Black",,,,,
Columbia Men Blue Crestwood Mid Water Resistant Shoes,"9,999",,https://columbiasportswear.co.in/columbia-men-blue-crestwood-mid-waterproof-bm5371-468,Men,30.0,4.0,BM5371-468,,,,,7.0,5.0,columbia,"Black, Charcoal","Light Cloud, Sea Salt","Cordovan, Squash","Nori, Black","Collegiate Navy, Black",,,,,
Columbia Men Grey CRESTWOOD Water Resistant Shoes,"8,999",,https://columbiasportswear.co.in/men/footwear-men/crestwood-waterproof-bi5372-053,Men,0.0,0.0,BI5372-053,,,,,10.0,0.0,columbia,,,,,,,,,,
Columbia Men Black Facet 75 Mid Outdry (Complete Waterproof),"16,999",,https://columbiasportswear.co.in/columbia-men-green-facet-75-mid-outdry-bm7615-383,Men,0.0,0.0,BM7615-010,,,,,5.0,2.0,columbia,"Black, Light Sand","Nori, Golden Yellow",,,,,,,,
Columbia Men Green Facet 75 Mid Outdry (Complete Waterproof),"16,999",,https://columbiasportswear.co.in/columbia-men-green-facet-75-mid-outdry-bm7615-383,Men,0.0,0.0,BM7615-383,,,,,6.0,2.0,columbia,"Black, Light Sand","Nori, Golden Yellow",,,,,,,,
Columbia Men Grey Escape Thrive Endure (Complete Waterproof),"12,999",,https://columbiasportswear.co.in/columbia-men-black-escape-thrive-endure-shoes-bm4980-010,Men,32.0,4.0,BM4980-099,,,,,0.0,2.0,columbia,"Slate Grey, Pure Silver","Black, White",,,,,,,,
Columbia Men Black ESCAPE THRIVE ENDURE (Complete Waterproof),"12,999",,https://columbiasportswear.co.in/columbia-men-black-escape-thrive-endure-shoes-bm4980-010,Men,24.0,4.0,BM4980-010,,,,,6.0,2.0,columbia,"Slate Grey, Pure Silver","Black, White",,,,,,,,
Columbia Men Brown REDMOND V2 Water Resistant Shoes,"7,999",,https://columbiasportswear.co.in/redmond-v2-wp-bm0834-255,Men,0.0,0.0,BM0834-255,,,,,6.0,1.0,columbia,"Mud, Dark Adobe",,,,,,,,,
Columbia Men BLACK Montrail Trinity Fkt,"13,999",,https://columbiasportswear.co.in/montrail-trinity-fkt-bm6578-417,Men,5.0,5.0,BM6578-010,,,,,5.0,2.0,columbia,"Black, White","Ocean Blue, Collegiate Navy",,,,,,,,
Columbia Men BLUE Montrail Trinity Fkt,"13,999",,https://columbiasportswear.co.in/montrail-trinity-fkt-bm6578-417,Men,5.0,5.0,BM6578-417,,,,,5.0,2.0,columbia,"Black, White","Ocean Blue, Collegiate Navy",,,,,,,,
Columbia Men Green FACET 75 OUTDRY (Complete Waterproof),"15,999",,https://columbiasportswear.co.in/columbia-men-grey-facet-75-outdry-bm8538-033,Men,0.0,0.0,BM8538-383,,,,,5.0,2.0,columbia,"Nori, Black","Ti Grey Steel, Spicy",,,,,,,,
Columbia Men Grey Facet 75 Outdry (Complete Waterproof),"15,999",,https://columbiasportswear.co.in/columbia-men-grey-facet-75-outdry-bm8538-033,Men,0.0,0.0,BM8538-033,,,,,5.0,2.0,columbia,"Nori, Black","Ti Grey Steel, Spicy",,,,,,,,
Columbia Men Green FACET 75 OUTDRY (Complete Waterproof),"15,999",,https://columbiasportswear.co.in/columbia-men-grey-facet-75-outdry-bm8538-033,Men,0.0,0.0,BM8538-383,,,,,5.0,2.0,columbia,"Nori, Black","Ti Grey Steel, Spicy",,,,,,,,
Columbia Men Grey Facet 75 Outdry (Complete Waterproof),"15,999",,https://columbiasportswear.co.in/columbia-men-grey-facet-75-outdry-bm8538-033,Men,0.0,0.0,BM8538-033,,,,,5.0,2.0,columbia,"Nori, Black","Ti Grey Steel, Spicy",,,,,,,,
Columbia Men Black Facet 75 Mid Outdry (Complete Waterproof),"16,999",,https://columbiasportswear.co.in/columbia-men-green-facet-75-mid-outdry-bm7615-383,Men,0.0,0.0,BM7615-010,,,,,5.0,2.0,columbia,"Black, Light Sand","Nori, Golden Yellow",,,,,,,,
Columbia Men Green Facet 75 Mid Outdry (Complete Waterproof),"16,999",,https://columbiasportswear.co.in/columbia-men-green-facet-75-mid-outdry-bm7615-383,Men,0.0,0.0,BM7615-383,,,,,6.0,2.0,columbia,"Black, Light Sand","Nori, Golden Yellow",,,,,,,,
Columbia Men Grey Plateau Water Resistant Shoes,"8,999",,https://columbiasportswear.co.in/men/footwear-men/columbia-men-grey-plateau-waterproof-bm7516-088,Men,0.0,0.0,BM7516-088,,,,,6.0,0.0,columbia,,,,,,,,,,
Columbia Men Black HATANA MAX OUTDRY (Complete Waterproof),"10,999",,https://columbiasportswear.co.in/columbia-men-black-hatana-max-outdry-bm0659-010,Men,1.0,5.0,BM0659-013,,,,,0.0,3.0,columbia,"Black, Compass Blue","Deep Water, Spark","Black, White",,,,,,,
Columbia Men GREEN HATANA MAX OUTDRY,"10,999",,https://columbiasportswear.co.in/columbia-men-black-hatana-max-outdry-bm0659-010,Men,0.0,0.0,BM0659-317,,,,,7.0,3.0,columbia,"Black, Compass Blue","Deep Water, Spark","Black, White",,,,,,,
Columbia Men Black HATANA MAX OUTDRY (Complete Waterproof),"10,999",,https://columbiasportswear.co.in/columbia-men-black-hatana-max-outdry-bm0659-010,Men,0.0,0.0,BM0659-010,,,,,5.0,3.0,columbia,"Black, Compass Blue","Deep Water, Spark","Black, White",,,,,,,
Columbia Men Black PEAKFREAK II OUTDRY (Complete Waterproof),"10,999",,https://columbiasportswear.co.in/columbia-men-brown-peakfreak-ii-outdry-bm5953-247,Men,31.0,5.0,BM5953-012,,,,,6.0,2.0,columbia,"Black, White","Canvas Tan, Black",,,,,,,,
Columbia Men Brown Peakfreak II Outdry (Complete Waterproof),"10,999",,https://columbiasportswear.co.in/columbia-men-brown-peakfreak-ii-outdry-bm5953-247,Men,21.0,5.0,BM5953-247,,,,,7.0,2.0,columbia,"Black, White","Canvas Tan, Black",,,,,,,,
Columbia Men Blue FIRECAMP BOOT Water Resistant Shoes,"9,999",,https://columbiasportswear.co.in/firecamp-boot-bm1766-397,Men,0.0,0.0,BM1766-464,,,,,5.0,2.0,columbia,"Collegiate Navy, Bright Copper","Stone Green, Black",,,,,,,,
Columbia Men Green FIRECAMP BOOT Water Resistant Shoes,"9,999",,https://columbiasportswear.co.in/firecamp-boot-bm1766-397,Men,0.0,0.0,BM1766-397,,,,,0.0,2.0,columbia,"Collegiate Navy, Bright Copper","Stone Green, Black",,,,,,,,
Columbia Men Black CRESTWOOD MID Water Resistant Shoes,"9,999",,https://columbiasportswear.co.in/columbia-men-blue-crestwood-mid-waterproof-bm5371-468,Men,60.0,4.0,BM5371-014,,,,,0.0,5.0,columbia,"Black, Charcoal","Light Cloud, Sea Salt","Cordovan, Squash","Nori, Black","Collegiate Navy, Black",,,,,
Columbia Men Grey CRESTWOOD MID Water Resistant Shoes,"9,999",,https://columbiasportswear.co.in/columbia-men-blue-crestwood-mid-waterproof-bm5371-468,Men,60.0,4.0,BM5371-020,,,,,5.0,5.0,columbia,"Black, Charcoal","Light Cloud, Sea Salt","Cordovan, Squash","Nori, Black","Collegiate Navy, Black",,,,,
Columbia Men Brown CRESTWOOD MID Water Resistant Shoes,"9,999",,https://columbiasportswear.co.in/columbia-men-blue-crestwood-mid-waterproof-bm5371-468,Men,58.0,4.0,BM5371-231,,,,,5.0,5.0,columbia,"Black, Charcoal","Light Cloud, Sea Salt","Cordovan, Squash","Nori, Black","Collegiate Navy, Black",,,,,
Columbia Men Green Crestwood Mid Water Resistant Shoes,"9,999",,https://columbiasportswear.co.in/columbia-men-blue-crestwood-mid-waterproof-bm5371-468,Men,30.0,4.0,BM5371-384,,,,,7.0,5.0,columbia,"Black, Charcoal","Light Cloud, Sea Salt","Cordovan, Squash","Nori, Black","Collegiate Navy, Black",,,,,
Columbia Men Blue Crestwood Mid Water Resistant Shoes,"9,999",,https://columbiasportswear.co.in/columbia-men-blue-crestwood-mid-waterproof-bm5371-468,Men,30.0,4.0,BM5371-468,,,,,7.0,5.0,columbia,"Black, Charcoal","Light Cloud, Sea Salt","Cordovan, Squash","Nori, Black","Collegiate Navy, Black",,,,,
Columbia Men Green EXPEDITIONIST PROTECT OMNI-HEAT Water Resistant Shoes,"12,999",,https://columbiasportswear.co.in/men/footwear-men/columbia-men-green-expeditionist-protect-omni-heat-bm8287-339,Men,0.0,0.0,BM8287-339,,,,,6.0,0.0,columbia,,,,,,,,,,
Columbia Men Black CRESTWOOD MID Water Resistant Shoes,"9,999",,https://columbiasportswear.co.in/columbia-men-blue-crestwood-mid-waterproof-bm5371-468,Men,60.0,4.0,BM5371-014,,,,,0.0,5.0,columbia,"Black, Charcoal","Light Cloud, Sea Salt","Cordovan, Squash","Nori, Black","Collegiate Navy, Black",,,,,
Columbia Men Grey CRESTWOOD MID Water Resistant Shoes,"9,999",,https://columbiasportswear.co.in/columbia-men-blue-crestwood-mid-waterproof-bm5371-468,Men,60.0,4.0,BM5371-020,,,,,5.0,5.0,columbia,"Black, Charcoal","Light Cloud, Sea Salt","Cordovan, Squash","Nori, Black","Collegiate Navy, Black",,,,,
Columbia Men Brown CRESTWOOD MID Water Resistant Shoes,"9,999",,https://columbiasportswear.co.in/columbia-men-blue-crestwood-mid-waterproof-bm5371-468,Men,58.0,4.0,BM5371-231,,,,,5.0,5.0,columbia,"Black, Charcoal","Light Cloud, Sea Salt","Cordovan, Squash","Nori, Black","Collegiate Navy, Black",,,,,
Columbia Men Green Crestwood Mid Water Resistant Shoes,"9,999",,https://columbiasportswear.co.in/columbia-men-blue-crestwood-mid-waterproof-bm5371-468,Men,30.0,4.0,BM5371-384,,,,,7.0,5.0,columbia,"Black, Charcoal","Light Cloud, Sea Salt","Cordovan, Squash","Nori, Black","Collegiate Navy, Black",,,,,
Columbia Men Blue Crestwood Mid Water Resistant Shoes,"9,999",,https://columbiasportswear.co.in/columbia-men-blue-crestwood-mid-waterproof-bm5371-468,Men,30.0,4.0,BM5371-468,,,,,7.0,5.0,columbia,"Black, Charcoal","Light Cloud, Sea Salt","Cordovan, Squash","Nori, Black","Collegiate Navy, Black",,,,,
Columbia Men Black FAIRBANKS OMNI-HEAT,"10,999",,https://columbiasportswear.co.in/columbia-men-blue-fairbanks-omni-heat-bm2806-439,Men,0.0,0.0,BM2806-013,,,,,6.0,2.0,columbia,"Black, Cordovan","Abyss, Dark Adobe",,,,,,,,
Columbia Men Blue FAIRBANKS OMNI-HEAT,"10,999",,https://columbiasportswear.co.in/columbia-men-blue-fairbanks-omni-heat-bm2806-439,Men,0.0,0.0,BM2806-439,,,,,6.0,2.0,columbia,"Black, Cordovan","Abyss, Dark Adobe",,,,,,,,
Columbia Men Black TRAILSTORM PEAK MID,"10,399","12,999",https://columbiasportswear.co.in/trailstorm-peak-mid-bm5578-231,Men,32.0,5.0,BM5578-005,,,,,5.0,2.0,columbia,"Kettle, Black","Cordovan, Black",,,,,,,,
Columbia Men Brown TRAILSTORM PEAK MID,"10,399","12,999",https://columbiasportswear.co.in/trailstorm-peak-mid-bm5578-231,Men,31.0,5.0,BM5578-231,,,,,6.0,2.0,columbia,"Kettle, Black","Cordovan, Black",,,,,,,,
